raison_sociale;siren;naf;effectif_tranche;ville;site_web;preuve_import;contact_publie;source_contact;raison_ciblage;canal;exclusion_verifiee;date_collecte
SANDY;326831179;46.49Z;10-19 (2023);Auchy-lez-Orchies (59);https://sandy.fr;Se présente comme « Importateur-grossiste » de peluches, jouets et articles festifs pour professionnels — https://sandy.fr/;Formulaire https://sandy.fr/contact/ (aucune adresse e-mail publiée);"https://sandy.fr/contact/ ; mentions légales https://sandy.fr/mentions-legales/";"Grossiste importateur de jouets et articles festifs, taille PME ; pas de service douane apparent (à confirmer)";PME;"oui — dénomination, marques citées sur le site et dirigeants (API Recherche d'entreprises) comparés à la liste L'Occitane/CHANEL : aucune correspondance ; dirigeants personnes physiques (famille Wambeke)";2026-10-02
EQUIP'LOISIRS SA (SEALYOS);322746611;46.49Z;10-19 (2023);Saujon (17);https://sealyos.fr;« Importateur et distributeur, depuis 1981, spécialiste en articles de plein air et jouets permanents » — https://sealyos.fr/contact/;contact@sealyos.fr;https://sealyos.fr/contact/;"Importateur-distributeur d'articles de plein air et jouets ; PME familiale ; pas de service douane apparent (à confirmer)";PME;"oui — dénomination, marques citées sur le site et dirigeants (API Recherche d'entreprises) comparés à la liste L'Occitane/CHANEL : aucune correspondance ; dirigeants personnes physiques";2026-10-02
TERR'ASIA;834290686;46.90Z;"10-19 (2023, INSEE) ; le site indique 30 personnes";"Boulogne-Billancourt (92) siège ; site Saint-Genis-Laval (69)";https://terrasia.fr;« Nos approvisionnements se font en direct, au sein de pays et de régions d'Asie […] tels que la Thaïlande, la Chine, le Vietnam, le Cambodge, le Pakistan et la Turquie » — https://terrasia.fr/terrasia/;contact@terrasia.fr;https://terrasia.fr/contact/;"Importateur direct de produits alimentaires asiatiques ; appartient au Groupe Duval depuis 2019 (un service douane de groupe est possible : à demander)";PME;"oui — dénomination, marques citées sur le site et dirigeants (API Recherche d'entreprises) comparés à la liste L'Occitane/CHANEL : aucune correspondance ; groupe d'appartenance déclaré : Groupe Duval (hors périmètre exclu) ; rattachement du SIREN à l'établissement de Saint-Genis-Laval à confirmer";2026-10-02
A TEX;682020672;82.92Z;10-19 (2023);Collégien (77);https://www.atex.fr;« Spécialiste dans l'importation et le conditionnement de Produits Alimentaires Asiatiques » — https://www.atex.fr/;Aucune adresse e-mail ni formulaire publiés : téléphone et adresse postale seulement (section « Nous contacter »);https://www.atex.fr/ (section Nous contacter et Mentions légales);"Importateur et conditionneur de produits alimentaires asiatiques ; contact par courrier ou téléphone uniquement";PME;"oui — dénomination, marques citées sur le site et dirigeants (API Recherche d'entreprises) comparés à la liste L'Occitane/CHANEL : aucune correspondance ; présidence par la holding FLJBH : nom sans lien avec les groupes exclus";2026-10-02
TRAN FRERES (Ô MARCHÉ D'ASIE);812820967;47.11B;20-49 (2023);Marignane (13);https://www.omarchedasie.fr;« Spécialiste de l'import et de la distribution de produits asiatiques » — https://www.omarchedasie.fr/;contact@omarchedasie.fr;"https://www.omarchedasie.fr/mentions-legales ; https://www.omarchedasie.fr/contact";"Importateur-distributeur de produits asiatiques (vente aux professionnels et aux particuliers) ; pas de service douane apparent";PME;"oui — dénomination, marques citées sur le site et dirigeants (API Recherche d'entreprises) comparés à la liste L'Occitane/CHANEL : aucune correspondance ; dirigeant personne physique";2026-10-02
BELCO;498576859;46.37Z;50-99 (2023);Mérignac (33);https://www.belco.fr;"« Importateur cafés verts spécialité » ; « équipes en Colombie, Guatemala, Éthiopie, Ouganda, Kenya » — https://www.belco.fr/";"Formulaire et standard, page https://www.belco.fr/contactez-nous (les adresses publiées sont thématiques : presse, RH, fournisseurs ; non utilisées)";https://www.belco.fr/contactez-nous;"Importateur de café vert depuis des pays tiers, 50-99 salariés ; volume d'import régulier";PME;"oui — dénomination, marques citées sur le site et dirigeants (API Recherche d'entreprises) comparés à la liste L'Occitane/CHANEL : aucune correspondance ; président personne physique";2026-10-02
HEM (HEM FRANCE);448174995;46.52Z;10-19 (2023);Marseille (13);https://www.hemfrance.com;"« grossiste en téléphonie mobile, tablette et accessoires depuis 2003 » ; « Depuis 2014, nous avons lancé notre propre marque de téléphonie Konrow » ; partenariat avec les marques Blackview, Doogee, Oukitel et Cubot — https://www.hemfrance.com/";Formulaire https://www.hemfrance.com/fr/contactez-nous (aucune adresse e-mail publiée);https://www.hemfrance.com/fr/contactez-nous;"Grossiste téléphonie avec marque propre et distribution de marques de fabricants étrangers ; origine hors UE probable mais non écrite sur le site (à confirmer)";PME;"oui — dénomination, marques citées sur le site et dirigeants (API Recherche d'entreprises) comparés à la liste L'Occitane/CHANEL : aucune correspondance ; présidence par la holding PHS : nom sans lien avec les groupes exclus";2026-10-02
DIRECT ASIA FOOD;521952317;46.38B;10-19 (2023);La Farlède (83);https://www.directasiafood.fr;« DIRECT ASIA FOOD propose une large gamme de produits du Monde : Asie / Orient / Etats-Unis / Grande-Bretagne » — https://www.directasiafood.fr/;contact@directasiafood.fr;https://www.directasiafood.fr/contactez-direct-asia-food/;Grossiste-importateur de produits d'épicerie du monde (Asie, États-Unis, Royaume-Uni) pour la GMS et les grossistes;PME;"oui — dénomination, marques citées sur le site et dirigeants (API Recherche d'entreprises) comparés à la liste L'Occitane/CHANEL : aucune correspondance ; gérants personnes physiques";2026-10-02
KIOKO;823520234;46.39B;20-49 (2023);Paris (75);https://www.kioko.fr;« KIOKO Importer and Japanese Wholesaler offers a wide range of ingredients and other products from Japanese cuisine » — https://www.kioko.fr/en/pages/professionnels;com@kioko.fr (adresse indiquée pour les demandes professionnelles);https://www.kioko.fr/en/pages/professionnels;Importateur-grossiste de produits alimentaires japonais (entrepôt de Vitry-sur-Seine);PME;"oui — dénomination, marques citées sur le site et dirigeants (API Recherche d'entreprises) comparés à la liste L'Occitane/CHANEL : aucune correspondance ; gérant personne physique ; holding KIOKO HOLDING";2026-10-02
WHISKIES DU MONDE;424556157;46.34Z;50-99 (2023);Mérignac (33);https://www.whiskiesdumonde.fr;"Se présente comme spécialisée dans « la création, l'importation et la distribution sélective de spiritueux » ; whiskies d'Écosse et du Japon au catalogue, ainsi que des rhums — https://www.whiskiesdumonde.fr/fr/createur-importateur-distributeur-spiritueux";Formulaire https://www.whiskiesdumonde.fr/fr/contact (aucune adresse e-mail publiée);https://www.whiskiesdumonde.fr/fr/contact;"Importateur-distributeur de spiritueux hors UE, plus de 50 salariés ; fiscalité des alcools spécifique (accises) à garder en tête";PME;"oui — dénomination, marques citées sur le site et dirigeants (API Recherche d'entreprises) comparés à la liste L'Occitane/CHANEL : aucune correspondance ; présidence par la holding Alfa : nom sans lien avec les groupes exclus";2026-10-02
TROPIC ISLAND;477577563;46.31Z;20-49 (2023);Rungis (94);https://tropic-island.fr;Produits d'« Afrique, la République dominicaine et l'Amérique latine » (mangues), « Honduras » (gombo), « Ghana et du Brésil » (igname) — https://tropic-island.fr/;contact@tropic-island.fr;https://tropic-island.fr/mentions-legales/;"Grossiste en produits exotiques au MIN de Rungis, approvisionné hors UE ; 47 salariés selon le site";PME;"oui — dénomination, marques citées sur le site et dirigeants (API Recherche d'entreprises) comparés à la liste L'Occitane/CHANEL : aucune correspondance ; président personne physique";2026-10-02
PRIMOUEST IMPEX;692011604;46.31Z;10-19 (2023);"Chevilly-Larue (94) ; MIN de Rungis";https://www.primouest.com;"« un large choix de fruits exotiques en provenance d'Amérique Latine » ; « Nous travaillons principalement avec l'AFRIQUE DU SUD et l'ESPAGNE » — https://www.primouest.com/";Formulaire https://www.primouest.com/contactez-nous.php (aucune adresse e-mail publiée);https://www.primouest.com/contactez-nous.php;Grossiste-importateur de fruits exotiques au MIN de Rungis;PME;"oui — dénomination, marques citées sur le site et dirigeants (API Recherche d'entreprises) comparés à la liste L'Occitane/CHANEL : aucune correspondance ; gérant personne physique";2026-10-02
JEANNINGROS;326909769;46.31Z;20-49 (2023);Marseille (13);https://www.jeanningros.fr;Page « Importateur de fruits exotiques frais en France » : « Nous sommes spécialisés dans l'approvisionnement de fruits exotiques frais » — https://www.jeanningros.fr/details-importateur+de+fruits+exotiques+frais+en+france+ananas+mangue+fruit+de+la+passion+dans+la+region+paca-41.html;contact@jeanningros.fr;https://www.jeanningros.fr/contact.html;Importateur-grossiste de fruits exotiques au marché des Arnavaux;PME;"oui — dénomination, marques citées sur le site et dirigeants (API Recherche d'entreprises) comparés à la liste L'Occitane/CHANEL : aucune correspondance ; dirigeants personnes physiques";2026-10-02
PHOENIX INTERNATIONAL;752444661;46.31Z;10-19 (2023);"Paris (siège) ; Le Bourget (93)";https://www.phoenixinternational.fr;"« L'entreprise met à profit son activité d'import-export pour assurer l'approvisionnement des grossistes » ; fruits africains — https://www.phoenixinternational.fr/grossiste-fruits-legumes-exotiques-rungis.php";Formulaire https://www.phoenixinternational.fr/contactez-nous.php (aucune adresse e-mail publiée);https://www.phoenixinternational.fr/contactez-nous.php;Importateur-grossiste de fruits et légumes exotiques;PME;"oui — dénomination, marques citées sur le site et dirigeants (API Recherche d'entreprises) comparés à la liste L'Occitane/CHANEL : aucune correspondance ; gérant personne physique";2026-10-02
FLOWER SYSTEMS (FLEUR ASSISTANCE);314910985;46.22Z;50-99 (2023);"Hodent (95) siège ; MIN de Rungis (94)";https://fleurassistance.com;« nous avons développé, dès le début des années 1990, les importations directes du Kenya, d'Equateur, de Colombie » — https://fleurassistance.com/a-propos;commercial@fleurassistance.com;https://fleurassistance.com/mentions-legales;"Grossiste en fleurs coupées avec importations directes hors UE ; plus de 40 collaborateurs";PME;"oui — dénomination, marques citées sur le site et dirigeants (API Recherche d'entreprises) comparés à la liste L'Occitane/CHANEL : aucune correspondance ; dirigeants personnes physiques ; directeur général HOGAR (société, nom sans lien)";2026-10-02
ORIGINES TEA AND COFFEE;795066786;47.29Z;10-19 (2023);Bruges (33);https://pro.originesteaandcoffee.com;"« nous sommes spécialisés dans l'importation et la distribution en gros de thés bio » ; producteurs en « Chine, le Japon, le Sri Lanka, l'Inde » — https://pro.originesteaandcoffee.com/grossiste-en-the-bio/";contact@origines.bio;https://pro.originesteaandcoffee.com/mentions-legales/;"Importateur-grossiste de thé bio et torréfacteur ; origines hors UE";PME;"oui — dénomination, marques citées sur le site et dirigeants (API Recherche d'entreprises) comparés à la liste L'Occitane/CHANEL : aucune correspondance ; dirigeants personnes physiques";2026-10-02
GELPECHE;331258772;46.39A;10-19 (2023);Saint-Aignan-Grandlieu (44);https://gelpeche.fr;"Spécialisée dans « the import and sale of Madagascan prawns » ; origines Madagascar, Vietnam, Inde, Sénégal, Maroc, Pérou, Bangladesh — https://gelpeche.fr/en/about/";info@gelpeche.fr;https://gelpeche.fr/contact/;"Importateur de produits de la mer surgelés ; membre du JMI Group depuis 2017 ; le site cite un poste de responsable import-export (service douane interne possible : à demander)";PME;"oui — dénomination, marques citées sur le site et dirigeants (API Recherche d'entreprises) comparés à la liste L'Occitane/CHANEL : aucune correspondance ; présidence par JMI HOLDING (groupe JMI, hors périmètre exclu)";2026-10-02
O.P.A. DISTRIBUTION;415190297;46.38B;10-19 (2023);Marseille (13);https://www.opadistribution.fr;« Les principaux pays d'importation directe sont : l'Arménie, la Turquie, la Tunisie, le Liban, l'Algérie, le Maroc, la Grèce, l'Iran, le Danemark, les U.S.A. » — https://www.opadistribution.fr/;contact@opadistribution.fr;https://www.opadistribution.fr/mentions-legales;Importateur-distributeur de produits alimentaires (fruits secs, légumineuses, conserves) au MIN des Arnavaux;PME;"oui — dénomination, marques citées sur le site et dirigeants (API Recherche d'entreprises) comparés à la liste L'Occitane/CHANEL : aucune correspondance ; gérant personne physique";2026-10-02
KERAMIS;812216083;46.38B;10-19 (2023);Cavaillon (84);https://www.keramis.bio;"« importateur et distributeur de produits exclusivement biologiques » ; « raisins sultanines de Turquie » — https://www.keramis.bio/grossiste-fruits-secs-bio-entiers-haches-en-poudre";ingredients@keramis.bio;"https://www.keramis.bio/contact ; https://www.keramis.bio/mentions-legales";Importateur d'ingrédients biologiques pour l'industrie agroalimentaire;PME;"oui — dénomination, marques citées sur le site et dirigeants (API Recherche d'entreprises) comparés à la liste L'Occitane/CHANEL : aucune correspondance ; présidence par la holding EXCETERRA : nom sans lien avec les groupes exclus";2026-10-02
KB 8 IMPORT-EXPORT INTERNATIONAL;781622220;46.49Z;20-49 (2023);Bouc-Bel-Air (13);https://www.kb8.fr;« Nos équipes basées en Provence, à Paris et en Asie sourcent, développent et design les produits » (arts de la table, décoration, mobilier de jardin) — https://www.kb8.fr/;Formulaire https://www.kb8.fr/contact/ (adresse e-mail masquée sur le site);https://www.kb8.fr/contact/;Grossiste en articles de maison avec équipe de sourcing en Asie;PME;"oui — dénomination, marques citées sur le site et dirigeants (API Recherche d'entreprises) comparés à la liste L'Occitane/CHANEL : aucune correspondance ; présidence par la holding CARPE DIEM PARTICIPATION : nom sans lien avec les groupes exclus";2026-10-02
SAS P'TIT CLOWN;309073344;46.49Z;20-49 (2023);Torigny-les-Villes (50);https://www.ptitclown.com;« Importateur et expert dans le marché de la fête depuis 1977 » — https://www.ptitclown.com/qui-sommes-nous/;service-commercial@ptitclown.com;https://www.ptitclown.com/mentions-legales/;"Importateur-grossiste d'articles de fête et déguisements ; origine des produits non précisée sur la page (à confirmer)";PME;"oui — dénomination, marques citées sur le site et dirigeants (API Recherche d'entreprises) comparés à la liste L'Occitane/CHANEL : aucune correspondance ; présidence par la holding MALUMA : nom sans lien avec les groupes exclus";2026-10-02
LX FRANCE;478543887;46.69C;50-99 (2023);Thiais (94);https://www.lxfrance.fr;Extrait affiché par le moteur de recherche pour https://www.lxfrance.fr/en/ : importateur et distributeur de produits alimentaires asiatiques spécialisé cuisine japonaise depuis 2004 (page non lisible directement : redirection 307) — À CONFIRMER;À vérifier sur le site (page Contact non lisible lors de la collecte);https://www.lxfrance.fr/en/ (non lu);"Importateur de produits alimentaires asiatiques ; preuve et contact à confirmer avant tout envoi";PME;"oui — dénomination, marques citées sur le site et dirigeants (API Recherche d'entreprises) comparés à la liste L'Occitane/CHANEL : aucune correspondance ; présidence par ACTIONS ET DÉVELOPPEMENT ÉCHANGES FRANCE ASIE : nom sans lien avec les groupes exclus";2026-10-02
FIGITAL EXPERTISE;897589107;à vérifier;à vérifier;Paris (75017);https://www.figitalexpertise.fr;Page « Expert comptable pour Société d'import-export » — https://www.figitalexpertise.fr/expert-comptable-pour-societe-dimport-export/;contact@figitalexpertise.fr;https://www.figitalexpertise.fr/mentions-legales/;Cabinet d'expertise comptable avec une offre dédiée aux sociétés d'import-export : prescripteur potentiel;expert-comptable;oui — dénomination, marques citées sur le site et dirigeants (API Recherche d'entreprises) comparés à la liste L'Occitane/CHANEL : aucune correspondance;2026-10-02
ADVYSE;977515725;à vérifier;à vérifier;"Asnières-sur-Seine (92) ; Marseille, Montpellier, Orléans, Amilly";https://www.advyse.fr;Page « Expert-Comptable pour Import-Export : Optimisez la Gestion de Vos Activités Internationales » — https://www.advyse.fr/profil/import-export/;contact@advyse.fr;https://www.advyse.fr/mentions-legales;Cabinet avec une page dédiée aux entreprises d'import-export : prescripteur potentiel;expert-comptable;oui — dénomination, marques citées sur le site et dirigeants (API Recherche d'entreprises) comparés à la liste L'Occitane/CHANEL : aucune correspondance;2026-10-02
FQM CONSEIL;à vérifier;à vérifier;à vérifier;Toulouse (31);https://www.fqm-conseil.fr;« Cabinet d'expertise comptable proposant un accompagnement sur l'import-export de marchandises via le guichet OSS » — https://www.fqm-conseil.fr/cabinet+d+expertise+comptable+proposant+un+accompagnement+sur+l+import-export+de+marchandises+via+le+guichet+oss+a+paris+75000+ile-de-france-z42;"Formulaire https://www.fqm-conseil.fr/contact (une adresse nominative y figure aussi ; non retenue)";https://www.fqm-conseil.fr/contact;Cabinet qui accompagne des clients en import-export : prescripteur potentiel;expert-comptable;oui — dénomination, marques citées sur le site et dirigeants (API Recherche d'entreprises) comparés à la liste L'Occitane/CHANEL : aucune correspondance;2026-10-02
CONSEILCOMPTA.FR;à vérifier;à vérifier;à vérifier;Montesson (78);https://conseilcompta.fr;"« Nous vous assistons dans la gestion de la TVA à l'importation » ; cible « Les grossistes et importateurs » — https://conseilcompta.fr/local/expertise-comptable-pour-le-negoce-achat-revente-en-france-et-a-linternational-au-vesinet-78110/";Formulaire https://conseilcompta.fr/contact/;https://conseilcompta.fr/contact/;"Cabinet qui cible explicitement grossistes et importateurs : prescripteur potentiel ; SIREN et mentions légales à relire (page 404)";expert-comptable;oui — dénomination, marques citées sur le site et dirigeants (API Recherche d'entreprises) comparés à la liste L'Occitane/CHANEL : aucune correspondance;2026-10-02
